{
  "numCuota": [1, 2, 3, 4, 5, 6, 7, 8],
  "tasa": 0.075,
  "numCuotas": 8,
  "interesCuota": [
    225, 203.4614197754706, 180.3074460341015, 155.41692426212973,
    128.65961335726004, 99.89550413452515, 68.97408672008514, 35.733562999562125
  ],
  "cuota": [
    512.181069660392, 512.181069660392, 512.181069660392, 512.181069660392,
    512.181069660392, 512.181069660392, 512.181069660392, 512.181069660392
  ],
  "monto": "3000",
  "saldo": [
    2712.818930339608, 2404.099280454687, 2072.2256568283965,
    1715.4615114301341, 1331.940055127002, 919.6544896011352, 476.4475066608283,
    -1.5916157281026244e-12
  ],
  "pagado": [
    512.181069660392, 1024.362139320784, 1536.5432089811761, 2048.724278641568,
    2560.90534830196, 3073.0864179623522, 3585.2674876227443, 4097.448557283136
  ]
}
